{
   "data":[
      {
         "id":1,
         "timezone":"America/Los_Angeles",
         "name":"Johnson",
         "data_until":1455996955,
         "data_from":1392924955,
         "created_at":"2016-02-20T19:34:45.078Z",
         "updated_at":"2016-02-20T21:04:42.412Z",
         "deleted_at":null
      },
      {
         "id":2,
         "timezone":"America/New_York",
         "name":"Jones",
         "data_until":1455996955,
         "data_from":1392924955,
         "created_at":"2016-02-20T19:34:45.078Z",
         "updated_at":"2016-02-20T21:04:42.950Z",
         "deleted_at":null
      },
      {
         "id":3,
         "timezone":"America/Los_Angeles",
         "name":"Smith",
         "data_until":1455996955,
         "data_from":1392924955,
         "created_at":"2016-02-20T19:34:45.078Z",
         "updated_at":"2016-02-20T21:04:46.725Z",
         "deleted_at":null
      },
      {
         "id":4,
         "timezone":"America/New_York",
         "name":"Gonzalez",
         "data_until":1455996955,
         "data_from":1392924955,
         "created_at":"2016-02-20T19:34:45.078Z",
         "updated_at":"2016-02-20T21:04:42.750Z",
         "deleted_at":null
      }
   ]
}
